{
  "model_name": "gpt-4o",
  "benchmarks": {
    "summarization_1": {
      "rouge1": 0.6838359363596556,
      "rouge2": 0.3980952380952381,
      "rougeL": 0.5494321996788789
    },
    "qa_1": {
      "rouge1": 0.19714088533964308,
      "rouge2": 0.11265629656117766,
      "rougeL": 0.19714088533964308
    },
    "structured_output_1": {
      "rouge1": 1.0,
      "rouge2": 0.6,
      "rougeL": 0.8
    },
    "creative_writing_1": {
      "rouge1": 0.096563387140795,
      "rouge2": 0.02359097159989086,
      "rougeL": 0.0649410542933235
    }
  }
}
